appointment_id,appointment_date,appointment_time
1,1998-09-02,21:40:14
2,1997-10-31,14:45:08
3,2018-01-31,11:44:00
4,2004-02-03,16:37:59
5,2010-10-26,5:45:20
6,1995-01-19,21:36:24
7,2009-09-19,17:52:44
8,2019-06-21,9:33:01
9,1995-03-25,7:58:31
10,2001-10-25,8:47:18
11,1994-07-12,16:08:27
12,2010-06-14,5:04:31
13,2020-07-01,6:02:00
14,2004-11-10,8:17:04
15,2016-02-15,6:09:08
16,1990-07-21,22:46:24
17,1990-09-18,18:31:08
18,2016-08-31,6:08:43
19,1994-11-03,7:35:53
20,2013-07-13,6:28:09
21,2016-08-12,12:41:22
22,2009-09-15,5:36:14
23,1996-06-08,19:45:38
24,2016-05-15,15:15:13
25,1997-10-02,19:04:22
26,2004-03-14,6:21:12
27,2003-01-07,11:03:04
28,2003-03-26,15:11:25
29,2007-11-17,15:11:13
30,1997-05-23,16:52:35
31,2004-08-07,18:24:58
32,2017-06-08,19:17:26
33,1998-06-30,6:47:16
34,1990-07-04,7:28:04
35,2013-03-01,12:04:49
36,2002-01-26,19:04:20
37,2008-01-04,18:05:32
38,2004-09-23,13:55:30
39,1998-10-25,12:01:01
40,2020-06-17,14:21:17
41,2012-05-31,9:26:28
42,1995-07-27,14:55:05
43,2003-12-04,13:37:54
44,2005-05-04,13:54:25
45,2023-03-01,16:38:40
46,2002-07-24,9:28:48
47,2023-02-27,14:11:22
48,1994-12-27,18:19:37
49,2016-06-14,7:36:23
50,2003-07-04,22:22:17
51,1995-02-13,14:32:41
52,1990-04-25,21:39:40
53,2012-10-20,10:17:04
54,2007-02-20,8:48:02
55,1995-05-26,13:48:31
56,2022-04-10,20:18:28
57,1993-11-12,5:05:03
58,1992-05-13,19:46:33
59,2007-04-16,15:24:48
60,2006-08-16,22:28:08
61,2021-06-17,6:08:32
62,1992-03-22,22:32:41
63,2004-02-03,17:16:57
64,2013-09-14,22:25:03
65,2000-07-30,17:02:47
66,2006-05-16,7:04:45
67,2002-05-18,17:37:10
68,2013-06-02,12:08:04
69,2011-09-09,22:55:29
70,1994-03-15,18:51:55
71,1990-12-24,6:15:33
72,1993-07-23,9:59:50
73,1991-11-09,5:06:33
74,1996-02-19,5:20:21
75,2004-02-01,5:15:54
76,2021-03-21,18:05:01
77,2018-11-05,16:40:37
78,1996-09-22,17:51:01
79,1991-12-18,7:19:34
80,1999-07-24,17:52:28
81,2022-05-15,22:32:05
82,2021-05-09,22:54:29
83,2007-06-13,9:11:32
84,2023-05-03,7:40:54
85,1992-11-12,10:06:10
86,1991-08-21,10:56:52
87,2015-12-16,9:27:46
88,2023-01-07,7:33:18
89,2003-05-09,10:18:24
90,2003-03-04,16:21:17
91,1998-04-19,16:52:50
92,2018-12-24,20:28:42
93,1993-10-28,13:24:47
94,1997-01-30,9:46:13
95,1998-02-04,12:25:33
96,1992-05-22,13:57:12
97,1991-09-12,20:20:16
98,1995-11-09,19:40:14
99,2000-02-16,21:04:44
100,2003-02-13,13:43:20
101,1998-09-21,9:35:59
102,2018-04-26,19:26:52
103,2018-12-30,7:30:30
104,2010-11-10,5:12:47
105,1997-10-29,20:47:09
106,2012-02-19,18:15:33
107,1999-05-17,16:45:29
108,1996-10-31,13:36:42
109,1998-03-30,21:20:08
110,2001-08-04,19:48:32
111,2005-11-06,13:53:05
112,2007-01-07,15:21:45
113,1990-01-08,21:17:14
114,2022-02-23,18:12:26
115,1991-03-08,10:16:25
116,2010-08-19,12:04:41
117,2001-07-12,18:34:58
118,1992-08-27,20:33:23
119,2012-01-01,8:35:26
120,1995-02-23,22:21:49
121,2020-05-09,10:14:56
122,2020-07-16,8:12:45
123,2008-07-31,7:20:26
124,2015-11-17,7:48:33
125,2019-12-30,17:53:39
126,2013-12-06,9:39:04
127,1998-01-21,11:12:25
128,2017-05-10,20:46:20
129,2019-11-02,14:15:56
130,1996-06-26,20:20:38
131,1997-03-15,20:30:40
132,2015-03-19,19:02:56
133,2015-11-28,8:07:02
134,2011-06-28,10:33:10
135,2009-10-21,21:47:12
136,2012-05-12,9:36:30
137,2020-09-28,8:39:58
138,2002-11-13,7:20:10
139,2005-10-04,15:40:53
140,1992-04-01,14:37:18
141,1990-09-28,14:41:55
142,2004-06-30,18:11:39
143,1992-04-12,5:50:07
144,2014-06-28,14:11:23
145,2003-03-05,13:30:32
146,1991-02-10,14:39:37
147,2009-04-29,16:03:46
148,2017-05-11,7:44:12
149,1995-09-17,11:24:50
150,2016-05-28,22:18:34
151,2015-05-14,13:08:17
152,2000-11-24,17:59:02
153,2007-12-08,16:46:33
154,1991-04-09,6:52:47
155,1998-03-30,10:50:51
156,2016-03-10,16:21:40
157,2021-04-09,15:31:43
158,2000-07-24,19:01:33
159,2001-04-11,7:26:38
160,2007-05-19,16:30:21
161,1997-10-01,18:25:22
162,2004-02-05,5:47:51
163,1997-08-26,19:42:39
164,2019-07-31,8:53:23
165,2022-09-11,11:02:29
166,2015-09-12,11:57:38
167,2007-08-12,10:34:50
168,1991-10-24,17:41:41
169,2018-08-22,8:21:11
170,2022-03-09,22:32:26
171,2023-08-29,13:07:12
172,2004-07-25,12:00:02
173,1996-01-19,19:10:10
174,2000-05-28,17:01:41
175,2000-07-31,15:00:47
176,2001-03-23,16:19:50
177,1991-11-02,16:17:51
178,2012-07-31,6:59:32
179,2021-09-19,19:05:42
180,2002-11-24,9:11:19
181,2014-07-31,15:40:25
182,1995-06-08,8:02:14
183,2018-11-10,15:54:33
184,2001-05-05,14:23:10
185,2014-11-01,17:08:38
186,2022-09-05,13:19:31
187,2014-04-29,13:14:11
188,2020-02-26,14:56:42
189,1992-07-17,10:18:21
190,2018-06-10,7:53:03
191,1995-10-21,6:15:40
192,1999-09-14,17:39:00
193,2020-01-01,20:03:57
194,2016-06-17,20:58:25
195,2009-12-04,19:57:14
196,2012-01-18,16:03:51
197,2004-02-18,17:56:22
198,1998-11-16,17:39:53
199,2014-07-23,8:26:00
200,1991-10-19,19:14:37
201,2006-07-24,5:24:21
202,2006-01-23,16:52:49
203,1990-07-29,12:33:16
204,2018-11-02,8:37:48
205,1993-12-14,13:06:22
206,2021-08-21,10:44:10
207,2000-07-20,8:18:27
208,2016-03-15,7:03:53
209,2015-03-11,18:05:25
210,2018-01-12,21:39:30
211,2011-03-02,16:30:04
212,2017-04-21,13:21:11
213,2015-06-02,7:18:58
214,2002-01-11,18:30:03
215,1994-06-29,11:10:55
216,2005-06-06,19:01:13
217,2014-07-28,5:10:55
218,2008-05-09,9:26:19
219,2011-02-04,17:27:29
220,2016-12-15,15:28:35
221,2015-01-12,12:44:06
222,2012-08-29,14:19:07
223,2003-02-01,14:29:31
224,2008-12-14,7:21:17
225,1998-11-23,7:53:51
226,1999-03-17,9:41:53
227,1994-12-28,5:07:04
228,2008-12-23,22:02:58
229,2008-12-11,20:45:30
230,2012-02-06,6:52:38
231,2003-04-21,20:25:31
232,2023-07-31,12:59:17
233,2006-05-01,8:39:10
234,2002-12-23,6:27:52
235,2018-10-27,18:04:32
236,2022-02-22,13:08:09
237,2007-06-11,19:02:42
238,2018-04-05,15:52:07
239,2016-05-06,9:47:28
240,2020-10-06,14:10:19
241,2023-01-27,8:20:20
242,2001-03-25,13:09:41
243,2006-05-03,7:53:36
244,1994-04-30,6:13:55
245,2023-10-16,11:24:07
246,1995-05-01,16:44:47
247,2001-09-05,14:33:39
248,1993-11-06,21:01:27
249,2001-02-28,14:37:54
250,2003-05-29,13:35:15
251,2017-05-26,13:30:23
252,1996-07-04,9:32:37
253,1993-12-10,18:53:19
254,1994-05-13,17:35:59
255,1999-05-26,14:32:39
256,2006-09-11,10:53:13
257,1995-10-21,19:22:12
258,2006-06-02,9:09:08
259,1998-04-05,10:07:00
260,1997-04-05,5:55:24
261,2004-04-03,7:41:00
262,1992-02-03,9:35:18
263,1995-09-26,14:23:16
264,2015-11-16,9:28:36
265,2010-11-15,15:47:46
266,1997-08-21,18:29:30
267,2013-09-11,6:22:43
268,2017-09-18,22:49:14
269,1991-06-28,20:48:48
270,1995-12-08,22:04:26
271,2019-07-09,22:15:16
272,1997-04-09,20:38:19
273,1997-03-04,8:09:39
274,2015-09-12,16:45:43
275,1992-11-17,5:07:33
276,2021-08-21,21:51:41
277,2014-10-31,9:03:04
278,2023-04-25,14:56:32
279,2009-03-12,5:10:23
280,2008-03-27,8:05:46
281,2020-06-02,5:23:32
282,2019-06-04,7:41:45
283,2019-03-27,16:32:37
284,2002-05-29,18:19:56
285,2009-08-16,22:02:23
286,1994-05-10,17:43:59
287,2012-06-21,8:58:48
288,2022-06-28,22:14:58
289,2002-04-08,9:49:37
290,2010-11-01,8:53:30
291,2023-10-06,5:49:50
292,1999-05-24,12:36:28
293,2014-08-01,11:38:03
294,2005-07-24,12:42:33
295,2018-06-28,10:24:58
296,2010-11-18,8:16:05
297,1992-11-21,17:49:06
298,1996-08-22,7:52:34
299,2021-12-03,17:08:55
300,1998-01-15,9:55:24
301,2005-10-04,22:35:13
302,2020-12-12,13:56:27
303,2013-04-23,11:12:50
304,2015-05-26,13:01:58
305,1992-01-04,19:26:05
306,2005-03-30,7:29:44
307,2022-02-15,9:43:57
308,2003-07-06,5:51:00
309,2019-04-01,21:00:20
310,2007-03-28,13:19:52
311,2003-07-31,20:57:16
312,1996-05-17,8:34:43
313,2010-01-31,20:08:13
314,2015-10-11,11:01:32
315,2010-06-11,14:27:14
316,2014-04-11,19:45:16
317,2021-09-20,18:05:42
318,2008-11-07,6:55:51
319,2019-01-06,5:26:16
320,2010-10-16,16:24:05
321,2021-02-05,7:37:57
322,2005-08-26,16:08:26
323,2019-08-07,20:51:34
324,2005-09-04,16:02:58
325,1996-04-14,17:52:59
326,2006-11-11,18:28:55
327,2003-08-05,7:59:44
328,1993-03-11,9:21:10
329,2019-10-17,9:24:34
330,2020-11-15,20:25:15
331,1990-05-06,8:00:53
332,2000-11-26,22:08:09
333,2002-09-11,7:03:08
334,2021-03-05,16:04:47
335,2023-08-30,6:32:17
336,2023-04-08,17:25:06
337,2008-10-01,9:48:48
338,2003-09-11,7:07:15
339,2008-08-20,15:19:57
340,1994-11-15,16:58:32
341,2009-10-30,14:44:49
342,1998-01-04,17:27:59
343,2006-12-18,11:29:32
344,2021-02-13,8:44:59
345,2007-10-28,5:45:23
346,1999-11-26,18:41:51
347,2012-05-09,8:10:31
348,2018-05-05,15:47:12
349,2007-05-08,13:00:15
350,2005-09-02,8:35:48
351,2010-08-19,10:11:09
352,2008-06-12,9:47:27
353,1998-12-24,19:46:52
354,1997-05-26,14:30:16
355,1993-01-06,19:27:02
356,2003-10-28,6:20:39
357,1994-11-13,15:26:01
358,1993-05-15,5:32:09
359,2002-05-10,12:59:14
360,2023-12-21,12:55:57
361,1995-12-10,7:33:13
362,2003-02-28,19:46:55
363,2006-11-28,21:28:01
364,1996-07-11,15:31:39
365,2010-03-07,21:18:53
366,1993-09-06,14:02:32
367,2021-05-11,11:33:39
368,2013-03-05,6:31:43
369,1995-07-02,18:40:13
370,2009-09-18,7:02:02
371,1991-11-17,11:07:37
372,2020-08-03,13:30:11
373,2018-01-18,22:41:15
374,2000-07-02,17:53:10
375,2008-09-14,22:27:24
376,2007-07-19,10:36:11
377,2018-12-10,9:40:40
378,2021-06-01,21:50:52
379,1999-09-13,10:22:06
380,2023-02-04,11:37:38
381,2012-05-25,22:16:30
382,2000-09-16,11:46:34
383,2000-06-25,11:59:35
384,2013-08-30,15:13:30
385,2021-11-18,6:27:33
386,2023-04-19,18:26:42
387,2006-04-18,17:52:17
388,2004-06-18,15:40:51
389,2015-12-10,19:05:43
390,2016-08-16,21:37:01
391,2008-05-14,21:55:55
392,2006-06-27,5:56:15
393,2011-09-26,19:08:01
394,2003-04-13,14:31:05
395,1998-02-12,6:03:39
396,1993-08-09,15:54:36
397,1991-09-04,22:48:51
398,2002-01-22,17:33:22
399,2008-07-27,14:06:07
400,1992-09-30,9:41:26
401,1998-09-22,16:43:05
402,2016-04-18,5:51:23
403,2023-02-23,15:08:36
404,2005-04-06,7:22:37
405,2012-07-30,19:28:41
406,2001-04-27,22:14:21
407,1990-08-29,20:20:52
408,2010-12-25,12:03:42
409,2011-11-24,20:29:12
410,2021-11-23,20:41:48
411,2011-02-04,10:32:50
412,1997-02-09,7:36:00
413,2020-07-03,21:19:25
414,2014-03-11,6:52:52
415,2004-11-21,6:07:53
416,2003-11-04,10:46:26
417,2018-02-21,8:27:52
418,1997-02-11,20:28:56
419,1995-02-21,6:40:43
420,2016-03-30,20:45:53
421,2005-09-20,22:30:40
422,2023-01-02,11:24:06
423,1992-02-28,10:13:51
424,2019-11-05,21:04:37
425,2000-10-30,7:01:06
426,2000-02-06,19:34:11
427,2019-06-06,12:47:11
428,2010-07-21,12:47:41
429,2003-08-13,16:55:04
430,2000-05-23,8:30:17
431,2002-04-11,11:57:52
432,2008-06-21,10:12:45
433,2002-05-02,8:04:22
434,2003-05-13,11:01:20
435,1999-05-18,11:16:05
436,1993-07-25,22:39:15
437,2011-08-25,11:50:02
438,2002-08-14,9:18:56
439,2008-12-24,21:15:05
440,1999-06-13,6:51:41
441,2017-03-27,11:58:43
442,1998-01-19,5:33:23
443,1991-12-25,16:18:53
444,2011-05-22,9:23:40
445,2015-11-30,10:18:05
446,2010-04-24,18:39:11
447,2000-01-23,14:15:17
448,2009-01-31,15:53:42
449,2013-09-11,14:40:18
450,2007-01-18,12:33:11
451,2023-04-17,5:17:08
452,2001-08-10,9:50:24
453,2022-02-25,8:32:10
454,2011-11-16,15:03:54
455,1990-08-30,13:14:27
456,1998-05-09,5:18:21
457,1996-06-17,8:50:40
458,2001-08-20,16:44:02
459,2004-02-02,11:51:37
460,2018-09-14,10:21:49
461,1997-08-27,9:19:44
462,2005-11-08,5:32:05
463,2009-11-13,18:01:47
464,2017-08-25,13:03:34
465,2016-04-07,13:30:01
466,2017-05-14,9:49:36
467,2004-01-09,15:20:45
468,2010-12-31,21:47:08
469,1993-09-06,13:20:29
470,1993-12-15,13:58:10
471,2012-06-03,16:11:50
472,2004-02-12,22:22:33
473,2001-10-28,5:08:32
474,2007-06-25,17:26:23
475,1992-01-11,19:42:56
476,2022-05-27,10:27:23
477,1991-07-09,21:53:20
478,2008-01-05,15:29:23
479,1992-10-29,5:27:46
480,2002-08-07,21:31:43
481,2016-01-22,15:36:10
482,2008-10-15,8:49:51
483,2009-11-20,11:14:38
484,1997-01-23,12:54:36
485,1998-02-25,10:48:32
486,2016-04-18,8:36:30
487,2016-05-02,9:15:32
488,1994-05-26,10:52:27
489,2008-11-23,13:36:01
490,2002-07-10,14:44:26
491,2006-09-08,11:03:45
492,1999-05-06,6:54:02
493,2022-09-06,9:17:02
494,2000-07-24,18:36:09
495,1990-12-29,19:26:05
496,1998-11-11,8:04:54
497,2021-12-06,9:52:32
498,2016-10-10,21:13:54
499,2020-08-25,13:20:55
500,1993-05-24,8:16:54
501,2014-01-28,16:50:02
502,1991-05-23,9:31:06
503,1992-03-31,19:56:57
504,1991-01-20,19:18:42
505,1994-05-23,9:50:26
506,2010-02-16,22:29:52
507,2002-01-10,10:41:03
508,2003-02-10,13:00:19
509,1998-02-10,7:53:06
510,2013-07-15,20:37:32
511,2015-01-30,17:44:09
512,2002-07-30,22:26:49
513,2009-07-28,22:53:54
514,2019-04-12,19:17:16
515,1992-07-21,10:54:55
516,2003-07-02,8:33:03
517,2011-01-28,9:00:06
518,2009-05-25,12:56:03
519,1995-04-27,9:53:38
520,2006-05-28,7:51:07
521,1998-07-18,15:02:59
522,2015-07-23,14:38:10
523,2021-05-04,7:21:00
524,2005-04-30,20:07:08
525,2012-01-22,15:10:16
526,1996-08-29,21:36:06
527,2020-09-01,22:20:30
528,2023-09-13,18:41:19
529,1991-10-13,8:26:53
530,2012-10-14,7:08:36
531,2008-09-04,19:49:41
532,1991-11-27,6:05:01
533,2007-02-06,11:14:29
534,1992-07-07,5:22:36
535,1991-01-06,20:26:33
536,2004-06-01,14:12:48
537,1992-05-05,19:46:21
538,2017-04-04,5:51:04
539,2015-07-15,6:43:58
540,2008-07-09,22:57:02
541,2008-05-28,8:13:33
542,2016-07-19,6:53:45
543,2000-04-09,14:42:42
544,1990-10-13,19:07:27
545,2005-12-09,18:32:31
546,1995-12-01,13:38:40
547,1993-07-04,9:04:29
548,2008-03-23,8:04:04
549,2011-11-13,15:34:53
550,1995-01-01,12:44:42
551,2004-06-20,15:31:03
552,1994-02-09,21:07:24
553,2020-11-24,6:30:53
554,2017-03-13,19:19:19
555,2005-11-24,14:52:34
556,2012-07-03,18:18:52
557,2004-01-26,14:01:54
558,2003-03-27,16:21:37
559,1998-03-27,12:01:10
560,2018-01-24,9:01:27
561,1994-10-14,20:41:27
562,2009-09-26,11:26:20
563,1995-11-28,13:31:42
564,2001-03-16,17:43:42
565,2007-11-08,7:35:29
566,2004-07-18,11:04:23
567,2008-02-24,21:37:54
568,1990-03-24,13:59:16
569,2017-07-15,6:18:15
570,2017-02-27,18:00:53
571,1996-10-09,15:34:15
572,1995-12-06,22:48:42
573,2014-09-18,15:11:37
574,2003-10-29,21:46:01
575,2016-02-16,17:50:38
576,2023-02-01,17:01:57
577,2016-02-29,6:03:29
578,1999-08-12,22:29:08
579,1994-01-08,7:20:50
580,1990-07-31,12:12:15
581,2003-11-20,15:35:12
582,2018-09-17,18:52:48
583,2014-08-11,11:17:44
584,2021-03-10,16:47:12
585,2021-02-04,6:03:08
586,2023-12-03,5:32:09
587,2013-06-11,22:11:38
588,2011-08-17,12:53:00
589,2021-04-07,11:51:44
590,2010-03-08,10:02:34
591,2003-10-23,14:20:05
592,2007-04-02,8:03:51
593,2014-10-23,10:27:01
594,2012-01-24,22:49:44
595,2005-09-14,7:48:45
596,2014-02-24,7:48:31
597,2010-06-06,22:33:11
598,2014-08-02,7:10:39
599,2003-09-07,12:18:59
600,2003-01-09,10:29:57
601,1991-08-09,10:08:23
602,2005-02-08,8:51:03
603,2018-09-06,10:49:02
604,2019-01-15,22:22:21
605,1993-02-20,6:09:04
606,1996-06-15,10:44:25
607,1990-01-12,22:39:46
608,2013-01-09,22:56:29
609,2012-11-13,12:20:14
610,2006-04-04,13:39:48
611,2010-07-01,11:47:32
612,1997-11-29,16:20:02
613,1998-05-24,10:29:54
614,1994-06-28,12:10:22
615,1992-10-29,21:19:48
616,2004-08-09,20:24:02
617,2016-03-10,12:58:43
618,1993-01-01,17:26:10
619,1991-10-14,5:02:12
620,2016-02-03,14:41:04
621,1999-05-25,7:27:54
622,2001-05-20,8:16:54
623,1996-08-12,18:53:48
624,2001-02-10,18:06:58
625,2014-05-08,17:09:38
626,1991-12-10,8:25:18
627,1995-03-04,19:29:57
628,2004-04-08,17:46:36
629,2018-03-07,22:23:50
630,2001-08-16,7:21:16
631,2017-05-07,12:01:06
632,2005-10-02,17:37:46
633,2007-12-23,9:45:22
634,1996-07-18,7:20:01
635,1995-12-20,21:28:04
636,2011-11-21,12:36:19
637,2015-12-09,12:44:03
638,2009-12-28,15:16:17
639,2004-06-21,13:31:18
640,2021-02-22,14:09:12
641,1997-10-09,18:05:48
642,1997-02-05,15:38:07
643,2007-06-29,12:47:12
644,2021-04-26,12:12:05
645,2014-05-16,22:22:39
646,2009-05-12,13:54:55
647,2017-06-02,19:59:31
648,2021-12-10,9:12:29
649,1998-04-03,21:30:34
650,2005-11-05,12:49:12
651,1994-02-15,20:47:42
652,1991-12-17,5:08:00
653,2009-02-01,17:10:37
654,2002-05-20,6:37:28
655,2010-07-05,19:10:15
656,2017-08-14,7:27:26
657,1992-05-04,15:49:56
658,2020-06-14,19:19:44
659,2015-09-03,22:22:36
660,1994-04-06,11:28:31
661,2012-01-05,17:36:19
662,2018-05-28,12:30:04
663,2007-09-29,5:38:28
664,2004-07-02,11:58:53
665,1998-05-09,19:00:11
666,1994-11-04,10:56:49
667,1996-09-15,12:36:10
668,2003-11-02,12:18:12
669,2012-10-23,13:02:15
670,1996-07-26,11:18:54
671,2000-09-13,21:56:29
672,2021-05-20,6:45:12
673,2008-12-06,10:45:55
674,1999-11-15,18:07:25
675,2005-03-15,20:21:59
676,2009-12-06,21:36:36
677,2007-05-06,11:19:03
678,2015-02-22,6:14:13
679,1997-04-11,21:24:21
680,2007-08-13,20:08:55
681,2008-04-10,20:06:29
682,1994-10-25,22:46:58
683,2013-02-20,7:42:43
684,2022-02-18,16:04:33
685,2002-11-21,19:47:48
686,2020-03-01,19:43:17
687,2019-08-13,8:26:15
688,2014-07-16,6:24:38
689,2005-02-18,22:01:19
690,2010-07-21,16:45:51
691,2021-12-23,22:42:37
692,1995-04-20,12:34:14
693,2016-07-02,17:23:07
694,1995-11-11,5:33:53
695,1997-12-24,7:07:40
696,1994-05-27,6:05:56
697,2011-10-20,19:10:16
698,2011-10-20,14:46:36
699,2018-11-22,5:53:40
700,2003-02-17,12:38:10
701,2022-10-01,22:16:46
702,2023-09-16,18:30:14
703,2005-10-19,14:09:32
704,2007-02-09,8:12:44
705,2001-01-15,12:52:55
706,1990-09-07,22:04:18
707,1995-02-11,10:25:21
708,1993-10-27,19:40:20
709,2003-11-29,11:07:38
710,2009-02-21,11:26:40
711,1995-06-02,17:34:42
712,2002-11-19,8:11:04
713,2011-05-12,8:41:56
714,2018-01-25,5:06:31
715,2000-01-10,15:13:47
716,1998-06-27,11:51:02
717,1997-01-27,21:40:46
718,1991-12-01,18:51:55
719,1999-04-15,8:37:49
720,2017-01-12,19:28:35
721,2012-12-16,6:08:05
722,2008-11-25,9:51:48
723,2020-10-06,10:53:17
724,2006-07-10,22:13:58
725,1990-01-29,13:55:11
726,2009-10-24,6:33:27
727,2010-09-10,7:02:45
728,2008-07-05,11:57:39
729,2023-07-21,19:15:51
730,2010-04-27,7:26:24
731,2019-07-05,20:20:53
732,1991-04-22,6:32:45
733,2001-09-15,17:22:27
734,1996-04-05,20:12:51
735,2009-01-29,21:40:12
736,2007-07-01,9:47:30
737,1992-07-03,18:14:46
738,2008-05-25,15:58:14
739,1999-01-23,9:15:06
740,1993-10-04,15:46:21
741,1996-09-12,20:20:52
742,2005-07-23,18:57:23
743,2007-06-14,15:46:51
744,2010-02-10,16:15:35
745,2021-01-09,15:22:40
746,2001-05-18,16:51:32
747,2004-09-28,18:43:24
748,2014-10-22,13:41:40
749,2006-11-08,10:00:48
750,2003-02-02,10:07:20
751,2020-05-06,16:28:30
752,2022-03-30,7:53:29
753,2005-03-03,13:18:20
754,2010-10-09,17:00:42
755,1999-06-19,22:38:38
756,1994-02-10,17:22:22
757,2002-12-13,20:48:51
758,2013-12-20,10:22:41
759,2002-06-26,15:36:29
760,2010-11-27,14:00:42
761,2020-03-04,17:04:25
762,1994-12-02,18:04:04
763,2004-05-16,6:17:03
764,2019-11-08,21:01:44
765,1991-07-06,19:07:23
766,2015-05-21,16:13:12
767,2006-04-08,5:21:21
768,2009-09-02,15:16:18
769,2013-09-20,17:51:03
770,1994-09-08,8:12:18
771,1991-02-09,22:02:43
772,2023-05-05,19:07:12
773,2002-09-07,20:52:25
774,2017-11-01,18:26:15
775,2020-06-05,18:59:34
776,2005-07-06,12:24:20
777,2019-07-29,6:41:46
778,2015-05-15,7:43:38
779,2008-03-05,7:32:45
780,2020-04-21,10:34:41
781,1997-04-14,13:08:47
782,2021-08-03,20:28:23
783,2015-11-20,5:08:06
784,2021-09-18,18:08:19
785,2015-02-24,10:37:46
786,1996-01-04,22:38:46
787,2014-09-12,9:33:12
788,2003-06-17,13:47:10
789,1994-05-12,9:24:00
790,1996-07-24,9:08:30
791,2001-11-01,16:53:47
792,1996-04-16,11:25:33
793,2019-05-09,16:23:50
794,1994-09-22,7:44:50
795,1996-12-31,8:19:42
796,1999-05-15,5:55:17
797,2006-08-29,9:51:09
798,2017-11-26,7:01:15
799,2013-06-04,9:37:54
800,2008-08-16,12:43:58
801,1990-10-25,19:35:13
802,2008-10-26,14:35:55
803,1993-06-28,14:01:52
804,1992-08-19,16:32:04
805,2020-11-17,19:19:06
806,1995-04-15,11:35:28
807,2008-01-04,11:45:35
808,2000-01-31,17:31:04
809,2010-12-03,9:34:27
810,2010-02-13,9:07:46
811,1994-12-26,17:30:15
812,1999-12-24,20:40:59
813,2017-01-21,5:10:25
814,2010-12-16,7:31:16
815,2012-08-20,22:09:44
816,1993-09-27,9:55:43
817,2018-03-15,7:56:37
818,2002-11-30,11:15:55
819,1995-02-02,19:24:31
820,2006-05-07,7:25:34
821,2011-05-26,22:30:20
822,2013-08-15,20:54:51
823,2000-09-03,14:06:43
824,1999-11-29,20:37:23
825,1994-08-04,14:05:29
826,2009-06-02,16:19:37
827,2009-09-23,13:20:06
828,2022-09-16,12:14:27
829,2005-09-24,15:41:28
830,2017-02-05,8:33:58
831,2022-05-02,21:08:58
832,2005-03-02,18:25:01
833,2007-11-14,13:34:38
834,2003-06-07,10:16:44
835,1992-02-10,10:30:29
836,2017-10-10,19:25:01
837,2021-06-01,20:53:59
838,1996-10-21,16:07:48
839,2005-10-10,10:37:01
840,2010-03-02,6:17:32
841,2021-12-16,11:52:38
842,1996-10-11,8:50:34
843,1991-07-28,21:48:51
844,1998-03-29,17:18:32
845,2013-03-13,22:56:05
846,2003-05-14,22:43:23
847,2018-04-05,15:49:50
848,2000-08-30,9:59:33
849,2020-08-05,7:29:12
850,2016-06-22,12:39:48
851,1998-07-31,21:34:29
852,2006-07-02,7:46:31
853,1998-05-26,19:53:26
854,1993-01-24,5:33:17
855,2010-01-11,11:47:52
856,2014-05-14,18:16:13
857,2007-05-10,8:39:02
858,2018-09-14,13:00:50
859,2016-07-07,15:49:18
860,1998-11-07,5:30:40
861,2018-05-20,7:34:05
862,1993-04-01,12:27:58
863,2010-04-19,8:03:37
864,1991-10-11,14:59:17
865,1999-06-03,14:44:42
866,2013-03-26,10:23:48
867,1996-03-29,16:02:36
868,1997-05-08,17:37:55
869,2002-10-26,16:38:57
870,2004-08-30,16:05:57
871,2002-05-04,6:51:10
872,2008-09-25,17:47:01
873,1995-01-23,9:38:30
874,1997-07-30,14:46:46
875,2009-04-14,10:56:27
876,2013-06-28,19:15:57
877,2003-01-27,12:35:32
878,1991-10-12,19:28:19
879,1991-11-24,19:43:18
880,2021-03-31,11:33:07
881,2003-07-25,21:00:04
882,2023-08-17,18:54:55
883,2006-12-26,9:55:39
884,1994-07-27,22:58:08
885,2014-11-08,9:53:41
886,2004-02-09,7:04:17
887,2020-06-27,14:21:32
888,2003-08-05,12:34:43
889,2001-09-26,5:56:04
890,1996-09-26,7:07:54
891,1996-10-04,8:03:13
892,2022-11-18,20:34:16
893,2002-01-16,19:42:28
894,2007-11-08,19:15:44
895,2002-01-01,17:48:42
896,2018-12-24,16:08:47
897,1997-06-09,14:24:28
898,1991-03-19,22:26:29
899,2018-03-12,15:50:05
900,1991-09-21,11:24:53
901,2008-12-08,20:56:57
902,2018-05-27,19:11:18
903,2004-05-06,11:10:23
904,2020-12-12,10:29:11
905,2017-12-30,16:23:04
906,2021-01-02,7:05:50
907,2003-01-29,5:39:24
908,2012-01-23,12:20:07
909,2004-04-19,15:52:06
910,2001-05-07,15:35:56
911,1992-08-19,7:01:30
912,2009-05-19,21:52:23
913,2021-05-02,7:53:38
914,2015-12-19,7:18:36
915,1990-06-30,19:31:34
916,1990-11-02,15:48:24
917,2004-08-21,9:47:29
918,2002-05-20,18:30:02
919,2020-04-27,14:14:25
920,1995-01-02,5:50:59
921,2007-02-13,20:16:07
922,2015-06-07,6:10:43
923,2012-01-08,18:36:12
924,2009-02-25,17:28:25
925,1997-04-25,14:24:49
926,2021-09-20,5:39:52
927,1997-09-08,16:02:59
928,2020-09-13,13:43:05
929,1996-10-18,14:56:09
930,2015-11-02,6:18:34
931,1993-07-24,22:14:24
932,1996-03-13,22:19:20
933,2002-10-20,8:30:12
934,2019-05-30,6:19:24
935,2013-03-21,13:35:23
936,2015-08-29,19:35:05
937,2012-05-12,5:28:16
938,2016-12-02,19:22:11
939,2020-02-12,8:00:51
940,1995-06-18,14:25:16
941,2001-06-24,7:28:22
942,2023-01-13,10:19:26
943,1990-03-08,21:06:46
944,2016-02-17,18:41:22
945,2014-10-01,12:18:35
946,2017-07-16,5:28:01
947,2018-05-25,17:44:41
948,2018-09-01,22:59:38
949,1993-06-23,14:14:14
950,2010-11-17,5:35:49
951,2010-01-04,16:04:34
952,1995-08-13,6:09:49
953,2004-09-25,12:05:33
954,2018-04-22,13:53:47
955,2011-03-09,16:00:08
956,1996-03-17,22:23:26
957,1998-01-11,10:19:41
958,2010-07-06,10:30:39
959,2007-10-11,6:59:15
960,1997-12-27,15:21:38
961,1995-07-23,16:49:18
962,1995-02-01,16:20:30
963,1994-08-12,20:45:13
964,1990-02-14,12:38:59
965,1995-11-30,13:15:21
966,2007-07-21,16:42:22
967,2022-06-12,6:22:57
968,2021-11-28,13:14:45
969,2019-06-01,18:00:22
970,2001-05-02,17:37:46
971,1995-11-15,8:00:40
972,2016-02-07,21:13:45
973,2011-12-01,14:33:14
974,2020-06-29,10:48:19
975,2015-12-02,13:15:25
976,2003-06-18,10:43:45
977,2017-06-10,13:22:42
978,2022-09-11,10:03:13
979,2019-10-22,7:16:28
980,2001-09-26,13:21:58
981,1992-10-13,13:30:12
982,2005-06-15,5:25:46
983,2005-09-19,7:41:22
984,2004-10-23,9:54:22
985,2004-04-14,16:02:35
986,1999-02-27,9:11:05
987,2022-01-09,22:38:29
988,1990-05-29,18:08:57
989,2003-03-07,22:44:49
990,1993-04-06,18:31:34
991,1997-11-14,18:18:31
992,2010-03-23,14:12:36
993,2014-04-12,15:36:44
994,2001-10-30,13:37:29
995,2020-06-07,8:13:16
996,2020-09-14,5:52:38
997,2000-12-25,17:12:05
998,1996-09-18,10:46:20
999,2020-07-29,12:26:00
1000,2011-01-26,13:24:16
